IDPLATILLO,PLATILLO,CALORIAS
747,'Bolsita de palitos de pan',100.0
748,'Croquetas de plátano rellenas de queso',100.0
749,'Sopa Sofía',100.0
750,'Pay de queso con zarzamora',100.0
751,'Renta de charola bufetera',100.0
752,'Albóndigas de requesón',100.0
753,'Calabacitas rellenas de jamón',100.0
754,'Ensalada de la casa',100.0
756,'Fajitas supremas',100.0
757,null,100.0
758,'Arroz rojo con morrón zanahoria y elote',100.0
760,'Filete de res migñon',100.0
761,'Codo con jamón,100.0
765,'Frijoles chinos',100.0
767,'Mixiotes de nopales con setas',100.0
768,'Plumita con jamón y perejil',100.0
769,'Spaghetti con crema y jitomate',100.0
771,'Filete de res San Ángel',100.0
772,'Crema de champiñones',100.0
773,'Champiñones con rajas y cebolla',100.0
775,'Carne de puerco en salsa verde con calabacitas y habas enzapatadas',100.0
776,'Medallones Nancy',100.0
777,'Chambarete en pipián verde con chilacayotes ',100.0
778,'Arroz blanco con atún,100.0
783,'Pollo ragout',100.0
785,'Empanadas de mole con pollo',100.0
786,'Quesadillas de requesón',100.0
787,'Plumita con brócoli',100.0
789,'Filete de pescado criollo',100.0
790,'Filete de pescado al perejil',100.0
791,'Poblanos rellenos de verduras',100.0
2062,'Consumo brunch',100.0
2174,'Miel Náhuatl 500 ml',100.0
794,'Plumita a la poblana',100.0
795,'Costillas en salsa de zarzamora',100.0
796,'Lengua de res en encacahuatado blanco',100.0
797,'Pollo alsaciano',100.0
798,'Crema de queso',100.0
799,'Arroz rojo con chayote y zanahoria',100.0
2094,'Arroz rojo con chícharo,100.0
801,'Pay de manzana',100.0
802,'Filete de pescado delicioso',100.0
803,'Arroz rojo con champiñones y ejote',100.0
804,'Quiche de setas con champiñones',100.0
2095,null,100.0
2096,'Crema de elote con rajas y queso panela día del padre',100.0
2097,'Spaghetti al chipotle día del padre',100.0
808,'Costillas de res en salsa verde con habas enzapatadas',100.0
809,'Pechugas supremas',100.0
2098,'Sopa de pasta día del padre',100.0
811,'Aguacate relleno de pollo',100.0
812,'Calabacitas a la vinagreta',100.0
813,'Fusilli a la toscana',100.0
814,'null',100.0
2100,'Rollo de pescado día del padre',100.0
2101,'Lomo al tamarindo día del padre',100.0
2102,null,100.0
818,'Fajitas jalapeñas',100.0
2103,'Filete de res migñon día del padre',100.0
820,'Filete de pescado a la veracruzana',100.0
821,'Poblanos rellenos de camarón',100.0
2104,'Pancita de res en guajillo día del padre',100.0
2106,'Pechugas cordon blue día del padre',100.0
2107,'Mixiotes de pollo con nopales muslo ',100.0
825,'Bisteces de res en salsa verde con verdolagas',100.0
826,'Mayonesa Mc. Cormic 390 gr',100.0
827,'Arroz blanco con ejote,100.0
828,'Carne de puerco en salsa verde con papas',100.0
2108,'Lasaña portobello día del padre',100.0
830,'Quesadillas de chicharrón',100.0
831,'Quesadillas de tinga de pollo',100.0
832,'Filete de pescado al ajillo',100.0
833,'Calabacitas rellenas en su jugo',100.0
834,'Arroz rojo con morrón,100.0
835,'Bisteces a la francesa',100.0
836,'Pierna delicias',100.0
2109,'Papas al tocino día del padre',100.0
2111,'Ensalada de nopales día del padre',100.0
2112,'Chayotes al perejil día del padre',100.0
2175,'null',100.0
2176,'Miel Gourmet Mirikam 350 gr',100.0
2182,'Pollo en mole poblano muslo',100.0
2185,'Miel Santos 250 ml',100.0
840,'Chuletas en salsa mora con nopales',100.0
2113,'Verduras a la mantequilla día del padre',100.0
842,'Codo al chipotle navidad',100.0
2114,'Quesadillas de requesón día del padre',100.0
2115,null,100.0
2116,'Quesadillas de chicharrón día del padre',100.0
846,'Arroz rojo con calabacitas,100.0
2117,'Verduras al vapor día del padre',100.0
2118,'Aguacate relleno de atún día del padre',100.0
849,'Fajitas hidalguenses',100.0
2119,'Milanesa de res día del padre ',100.0
2120,'Pechugas rellenas día del padre ',100.0
2121,'null',100.0
853,'Nopales al piquín',100.0
2122,'Ensalada de manzana dái del padre',100.0
2123,'Ensalada de zanahoria día del padre',100.0
2190,'null',100.0
857,'Vaso de piña',100.0
858,'Bisteces asturianos',100.0
2125,'Ensalada de betabel día del padre',100.0
2126,'Ceviche de soya día del padre',100.0
2127,'Ensalada de pollo día del padre',100.0
2128,'Ensalada mixta día del padre',100.0
863,'Ensalada de arándanos',100.0
864,'Pollo en salsa verde con quintoniles',100.0
865,'Bolillo',100.0
2131,'salsa de piquin',100.0
2133,'tortillas de harina sabor chipotle',100.0
2134,null,100.0
2191,'null',100.0
870,'Macarrón en salsa roja navidad',100.0
871,'Nuggets 9 piezas',100.0
2192,'null',100.0
2193,'Arracadas ',100.0
2194,'null',100.0
2195,'null',100.0
876,'Morelianas de 15 de sep',100.0
2196,'null',100.0
878,'Alitas a la brava',100.0
2197,'null',100.0
880,'Queso manchego natural ',100.0
2198,'null',100.0
2199,'null',100.0
2200,'null',100.0
884,'Lasaña portobello',100.0
2201,'null',100.0
2202,'null',100.0
887,'Arroz rojo con ejote,100.0
888,'Fusilli con brócoli',100.0
2203,'null',100.0
2204,'null',100.0
2205,'null',100.0
2206,'null',100.0
2207,'null',100.0
2209,'Caseritos chicharrón de chile habanero',100.0
2210,'Caseritos chicharrón de chile jalapeño',100.0
2211,'Caseritos chicharrón de chile serrano',100.0
2212,'Ejotes salteados con morrón y almendra',100.0
2240,null,100.0
892,'Papas al romero',100.0
2241,'Tortillas de harina sabor habanero',100.0
2242,null,100.0
2246,'Niño envuelto de chabacano',100.0
2251,'Fettuccine al chipotle ',100.0
897,'Lomo esclaveteado',100.0
898,'Filete de res en entomatado',100.0
2252,'Bisteces de puerco en salsa verde con nopales',100.0
900,'Pollo en pipian',100.0
901,'Quesadillas de pancita',100.0
2299,'Arroz rojo con habas verdes',100.0
904,'Codo al ajillo',100.0
907,'Dulce de capulines',100.0
908,'Plumita verde',100.0
909,'Brocheta de res poblana',100.0
912,'Pierna al tequila',100.0
917,'Picadillo de pollo',100.0
920,'Tinga de res estilo Tlaxcala',100.0
923,'Arroz a la yucateca',100.0
925,'Tortilla española',100.0
926,'Macarrón al ajillo',100.0
927,'Arroz blanco con papas y chiles serranos',100.0
928,'Ensalada Lety',100.0
931,'Menudo de res',100.0
932,'Jocoque natural de 250 gr',100.0
939,'Costillas de puerco en salsa mexicana',100.0
2069,'Pollo relleno ',100.0
2072,'Tortillas de harina tradicional',100.0
2073,'Tortillas de harina integral',100.0
943,'Cubitos al romero',100.0
944,'Carne de puerco en adobo',100.0
2075,'Tortillas de harina norteñas',100.0
946,'Ensalada de frutas y hortalizas',100.0
947,'Filete de pescado a la mexicana',100.0
2154,null,100.0
2218,'Melanzana Compota de manzana ',100.0
2234,null,100.0
2235,'Tortillas de avena Savella',100.0
2276,null,100.0
953,'Albóndigas de res rellenas de queso Philadelphia',100.0
954,'Bisteces de puerco en salsa ranchera con papas',100.0
2278,null,100.0
2279,'Camarones a la brava día del padre',100.0
2280,'Costillas de roast beef supremas día del padre',100.0
2281,'Mixiote de polllo con noplaes muslo día del padre',100.0
2282,'Mixiote de polllo con nopales pierna día del padre',100.0
2283,'Mixiote de polllo con nopales pechuga día del padre',100.0
961,'Arroz blanco con plátanos fritos',100.0
2284,'Pastel azteca día del padre',100.0
963,'Pambazos 15 de sep',100.0
964,'Gelatina de fresas con crema',100.0
2311,'Mixiotes de pollo con nopales pierna 15 de sep',100.0
2312,'Mixiotes de pollo con nopales pechuga 15 de sep',100.0
967,'Carne de puerco al albañil',100.0
969,'Carne de puerco poblana',100.0
972,'Pollo volteado',100.0
975,'Pollo con poro y champiñones',100.0
982,'Pollo pibil',100.0
985,'Tortitas de papa con atún',100.0
986,'Sopa tarasca',100.0
988,'Picadillo irlandés',100.0
992,'Empanadas de salchicha con queso',100.0
995,'Lengua de res en salsa mora con habas enzapatadas',100.0
997,'Rajas con elote y queso panela',100.0
999,'Carne de puerco en salsa verde con quintoniles',100.0
1000,'Filete de res al ajillo',100.0
1001,'Verduras de la milpa',100.0
1002,null,100.0
1009,'Cuaresmeños en escabeche',100.0
1010,'Espinosos rellenos de nata',100.0
1011,'Nopales queretanos',100.0
1012,'Fajitas a la francesa',100.0
1013,'Costillas de res estilo Zacatlán',100.0
1015,'Filete de res a la aceituna',100.0
1020,'Kiwi kg',100.0
1022,'Chicharrón en salsa verde',100.0
1024,'Chicharrón en salsa mora con nopales',100.0
1026,'Fabada',100.0
1029,'Arroz blanco con ejote y elote',100.0
1030,'Tortitas de pollo con chícharos en salsa verde',100.0
1034,'Bisteces de puerco en salsa verde con calabacitas',100.0
1036,'Papas Ana',100.0
1039,'Quesadillas de moronga',100.0
1047,'Chuletas huastecas',100.0
1049,'Buñuelos ',100.0
1052,'Crepas de pollo con rajas 10 de mayo',100.0
1053,'Chuletas a la romana navidad',100.0
1054,'null',100.0
1055,'Lasaña de verduras navidad',100.0
1056,'Bocadillos finos de navidad charola grande ',100.0
1058,'Panqué de rompope con nuez',100.0
1059,'Sopa Sofía navidad',100.0
1060,'Crema de elote navidad',100.0
1061,'Chile piquín con ajonjolí kg',100.0
1062,'Bastón navideño',100.0
1063,'Pollo con elote',100.0
1064,'Arroz rojo con papa,100.0
1065,'Costillas de puerco en salsa norteña con papas',100.0
1066,'Arroz blanco con elote y zanahoria',100.0
1067,'Champiñones al chipotle',100.0
1068,null,100.0
1069,'Gelatina de fresas con crema completa',100.0
1070,'Mixiotes de pollo con nopales muslo 15 de sep',100.0
1071,'Pastel navideño',100.0
1072,'Bollo relleno de queso philadelphia navidad',100.0
1073,'Tronco navideño grande',100.0
1074,'Pastel imposible de navidad',100.0
1077,'Arroz blanco de la milpa',100.0
1078,'Bollo sencillo de navidad',100.0
1081,'Fettuccine verde',100.0
1084,'Spaghetti con salchicha,100.0
1087,'Pollo Milán',100.0
1089,'Bisteces de puerco en jitomate con papas y cuaresme?o',100.0
1091,'Calabacitas estilo Coyoacán',100.0
1093,'Chambarete a la catalana',100.0
1094,'Bisteces del Bajío',100.0
1095,'Cubitos sevillanos',100.0
1096,'Brocheta de res ',100.0
1097,'Pechugas a la mayonesa',100.0
1098,'Filete de res campirano',100.0
1099,'Picadillo madrileño',100.0
1100,'Berenjena a la mexicana',100.0
1102,'Sopa de cebolla',100.0
1103,'Pollo mixteco',100.0
1106,'Filete de res potosino',100.0
1107,'Flan completo con fresa ',100.0
1108,'Bisteces de res en jitomate con papas',100.0
1111,'Costillas bravas',100.0
1112,'Macarrón al queso',100.0
1113,'Chipotles rellenos de pollo',100.0
1116,'Albóndigas de res en salsa verde',100.0
1120,'Filete de res en salsa mora con habas enzapatadas',100.0
1121,'Picadillo de soya',100.0
1122,'Crepas de atún con rajas',100.0
1127,'Lentejas con nopales y chorizo',100.0
1130,'Fettuccine valenciano',100.0
1134,'Filete de res a la toscana',100.0
1135,'Mixiotes de pollo con champiñones y nopales',100.0
1137,'Gelatina de zanahoria con arándano y nuez',100.0
1138,'Tortitas de golumbos',100.0
1143,'Costillas a la bbq picante',100.0
1145,'Carne de puerco en salsa verde con habas enzapatadas',100.0
1146,'Nopales hidalguenses',100.0
1147,'Brocheta Silvana',100.0
1148,'Chorizo en salsa mora con nopales y papas',100.0
1149,'Papas a la toscana',100.0
1150,'Pollo en salsa mora con nopales',100.0
2,'Sopa de papa con poro',100.0
3,'Pechugas aztecas',100.0
4,'Mousse de frambuesa',100.0
5,'Sopa de médula',100.0
6,'Bisteces a la cazuela',100.0
7,'Lasaña de carne',100.0
8,'Molde de 1/2 litro',100.0
9,'Molde de 1 litro',100.0
10,'Molde de 2 litros',100.0
11,'Molde contenedor liso  8X8.',100.0
12,'Molde hamburguesero',100.0
13,'Molde charola plana',100.0
14,'Sopa de setas',100.0
15,'Flan completo',100.0
18,'Arroz rojo con chícharo,100.0
19,'Sopa de verdura',100.0
21,'Filete de pescado empanizado',100.0
22,'Chuletas a la romana',100.0
23,'Cubitos al ajillo',100.0
25,'Tortitas de pollo en salsa mora',100.0
27,'ollo',100.0
28,'Lasaña de verduras',100.0
29,'Croquetas de papa con atún',100.0
31,'Nopales Elena',100.0
32,'Ejotes con tocino',100.0
33,'Aguacate relleno de atún',100.0
128,'Pechugas Lucia',100.0
129,'Pollo en salsa verde con papas y nopales',100.0
130,'Tortitas de vegetales',100.0
131,'Chayotes al gratín',100.0
132,'Puré de papa',100.0
133,'Ejotes con atún',100.0
134,'Morelianas con jamón',100.0
135,'Morelianas con pollo ',100.0
137,'Crema de chayote',100.0
138,'Arroz blanco con champiñones  calabacitas y elote',100.0
139,'Arroz rojo con chícharo,100.0
140,'Fideos chinos',100.0
142,'Cubitos de cerdo enchipotlados',100.0
143,'Lengua de res a la mexicana',100.0
145,'Champiñones al perejil',100.0
146,'Pollo a la mayonesa',100.0
147,'Papas con rajas',100.0
148,'Brócoli al gratín',100.0
149,'Tortitas de ejote',100.0
150,'Nopales con huevo',100.0
151,'Verduras a la mantequilla',100.0
153,'Quesadillas de queso Oaxaca',100.0
154,'Ensalada real',100.0
156,'Arroz oriental',100.0
157,'Arroz rojo con verduras mixtas',100.0
158,'Sopa de milpa',100.0
160,'Chuletas a la naranja',100.0
161,'Pancita de res en guajillo',100.0
163,'Brocheta de pollo',100.0
164,'Pollo a la cubana',100.0
165,'Ensalada de verdolagas',100.0
166,'Calabacitas multicolor',100.0
167,'Peritas de papa',100.0
168,'Cuaresmeños rellenos de queso Philadelphia',100.0
169,'Ensalada delicias',100.0
170,'Empanadas de queso con jamón',100.0
171,'Quesadillas de champiñones',100.0
172,'Crepas de pollo con rajas',100.0
173,'Tortitas de flor de madroño',100.0
174,'Lentejas',100.0
175,'Codo con jamón y perejil',100.0
176,'Pechugas cordon blue',100.0
177,'Cazuela mexicana',100.0
178,'Fajitas a la jardinera',100.0
179,'Brocheta de res oriental',100.0
180,'Pollo en pascal pechuga',100.0
181,'Pastel azteca',100.0
182,'Tortitas de papa',100.0
183,'Nopales al orégano',100.0
185,'Empanadas de frijoles con chorizo',100.0
186,'Ensalada festival',100.0
187,'Ensalada turca',100.0
188,'Sopa de tortilla',100.0
191,'Filete de res a la francesa',100.0
192,'Chuletas Romina',100.0
193,'Alambre de res',100.0
194,'Pechugas al chipotle',100.0
195,'Pollo a la hawaiana',100.0
196,'Ensalada Valenciana',100.0
199,'Estofado blanco',100.0
201,'Caldo de habas',100.0
203,'Carne de puerco en salsa verde con espinaca',100.0
204,'Mole de olla',100.0
206,'Bisteces rellenos de queso y tocino en pasilla',100.0
207,'Picadillo Esmeralda',100.0
208,'Albóndigas de pollo',100.0
209,'Pollo a la aceituna',100.0
210,'Huevos ahogados con rajas y crema',100.0
211,'Nopales al ajillo',100.0
212,'Calabacitas en su jugo',100.0
213,'Champiñones a la chiapaneca',100.0
214,'Ejotes salteados con almendra',100.0
215,'Ensalada de peras y duraznos',100.0
216,'Arroz blanco con cilantro y perejil',100.0
34,'Frijoles refritos',100.0
35,'Frijoles de la olla',100.0
36,'Tortillas',100.0
37,null,100.0
38,'Ensalada de avellanas',100.0
39,null,100.0
40,'Ceviche de soya',100.0
42,'Croquetas de plátano rellenas de frijoles',100.0
43,'Quesadillas de avena',100.0
44,'Natilla de vainilla',100.0
45,'Natilla de chocolate',100.0
46,'Gelatina de mosaico',100.0
47,'Gelatina de agua',100.0
48,'Flan napolitano',100.0
50,'Totopos',100.0
51,'Tostadas horneadas',100.0
52,'Papas a la francesa',100.0
53,'Papas de gajos',100.0
55,null,100.0
56,'Salsa chipotle',100.0
57,'Salsa de chile de árbol',100.0
58,null,100.0
60,'Fruta',100.0
61,'Verduras al vapor',100.0
62,'Ensalada Juliana',100.0
63,'Arroz con espinaca y nuez',100.0
64,'Caldo de camarón',100.0
65,'Fusilli verde',100.0
66,'Paella',100.0
67,'Ceviche de pescado',100.0
68,'Filete de res a la gringa',100.0
69,'Pata de res en hongo',100.0
70,'Quesadillas de sesos',100.0
71,'Pancita de res en verde',100.0
72,'Bisteces de carne molida',100.0
73,'Pechugas con rajas y crema',100.0
74,'Pollo empanizado',100.0
75,'Papas con champiñones rajas y tocino',100.0
76,'Papas con chorizo',100.0
78,'Ensalada mexicana',100.0
79,'Ensalada ligera',100.0
80,'Empanadas hawaianas',100.0
81,'Pastel de vainilla',100.0
82,'Pastel de chocolate',100.0
83,'Pastel de zanahoria',100.0
84,'Arroz con leche',100.0
85,'Bollo sencillo',100.0
86,'Bollos rellenos de queso Philadlphia con chipotle',100.0
87,'Pastel de carne',100.0
88,'Sopa de pasta',100.0
89,'Arroz blanco con chícharo y zanahoria',100.0
90,'Fusilli con crema y jitomate',100.0
91,'Costillas a la bbq',100.0
92,'Pechuga rellena de jamón y queso amarillo',100.0
93,'Pechuga empanizada sin rellenar',100.0
94,'Milanesa de res',100.0
96,null,100.0
97,'Natilla de rompope',100.0
99,'Arroz verde con morrón y elote',100.0
101,'Crema de almendra',100.0
102,'Plumita al queso',100.0
103,'Carne de puerco en salsa mora con nopales',100.0
104,'Picadillo a la inglesa',100.0
105,'Picadillo mexicano',100.0
106,'Fajitas campiranas',100.0
108,'Pechugas selva negra',100.0
109,'Pollo enchilado pierna',100.0
111,'Calabacitas a la mexicana',100.0
112,'Coliflor Reyna',100.0
113,'Papas bravas',100.0
114,'Nopales en su jugo',100.0
115,'Ensalada Manuel',100.0
116,'Ensalada romana',100.0
118,'Empanadas de papa con atún',100.0
119,'Filete de pescado asado',100.0
120,'Quesadillas de flor de calabaza',100.0
122,'Crema de cilantro',100.0
123,'Spaghetti al chipotle',100.0
126,'Fajitas al ajonjolí',100.0
297,'Crema de zanahoria',100.0
298,'Carne de puerco en verdecito',100.0
299,'Lengua de res en salsa de nuez',100.0
300,'Machaca con huevo',100.0
302,'Pechugas tailandesas',100.0
303,'Pollo Norteñita',100.0
304,'Suflé de calabaza',100.0
305,'Ensalada caribeña',100.0
306,'Ensalada Sofía',100.0
307,'Pechugas campesinas',100.0
308,'Pollo al limón',100.0
309,'Acelgas rellenas de queso',100.0
310,'Champiñones al romero con tocino',100.0
312,'Sopa valenciana',100.0
314,'Fajitas oaxaqueñas',100.0
315,'Cubitos a la mostaza',100.0
316,'Pechugas en salsa de nuez',100.0
317,'Pollo tahitiano',100.0
318,'Poblanos rellenos de flor de calabaza y queso',100.0
319,'Croquetas de papa con espinaca',100.0
320,'Calabacitas con rajas y elote',100.0
321,'Verduras salteadas al ajonjolí',100.0
322,'Filete de pescado a la gringa',100.0
323,'Pechuga marinada',100.0
324,'Costillas tailandesas',100.0
326,'Pechugas a la mostaza',100.0
327,'Crepas de flor de calabaza',100.0
328,'Poblanos empapelados',100.0
329,'Charola pavera',100.0
330,'Arroz amarillo con arándano y cacahuate',100.0
331,'Fusilli valenciano',100.0
332,'Charola pollera',100.0
334,'Chicloso',100.0
336,'Vegetales en su jugo',100.0
337,'Papas con nata',100.0
338,'Ensalada Lucia',100.0
339,'Spaghetti con jamón y perejil',100.0
340,null,100.0
341,'Albóndigas de res en caldillo',100.0
343,'Fajitas Eugenia',100.0
344,'Pechugas festival',100.0
345,'Cubitos agridulces',100.0
346,'Papas al horno ',100.0
347,'Ensalada mediterránea',100.0
348,'Arroz rojo con plátanos fritos',100.0
349,'Carne de puerco en salsa mora con verdolagas',100.0
350,'Lengua de res a la veracruzana',100.0
352,'Bisteces María',100.0
353,'Pollo a la hortaliza',100.0
354,'Champiñones al ajillo',100.0
355,'Nopales a la mexicana',100.0
356,'Cochinita pibil',100.0
357,'Cocido estilo Pamplona',100.0
358,'Pechugas a la Inglesa',100.0
360,'Arroz libanes',100.0
362,'Pollo a la cazuela',100.0
363,'Crepas de soya con champiñones',100.0
364,'Ensalada italiana',100.0
365,'Chuletas enchiladas ',100.0
367,'Camarones a la brava',100.0
368,'Lomo enchilado',100.0
369,'Pollo mechado',100.0
370,'Ensalada de la India',100.0
371,'Aderezo de la casa',100.0
372,'Aderezo 1000 islas',100.0
373,'Papas chirrionas',100.0
374,'Rollo crujiente',100.0
375,'Picadillo primavera',100.0
2064,'Chambarete en salsa de chile de árbol',100.0
2086,'Chayotes al perejil 10 de mayo',100.0
378,'Cocido español',100.0
379,'Caldo de chambarete',100.0
380,'Estofado supremo',100.0
381,'Asado blanco',100.0
2087,'Quesadillas de tinga 10 de mayo',100.0
383,'Cuete a la española',100.0
2088,'Quesadillas de flor de calabaza 10 de mayo',100.0
385,'Arroz amarillo con morrón y zanahoria',100.0
2099,'Paella día del padre',100.0
387,'Cubitos al olivo',100.0
2105,'Lasaña de carne día del padre',100.0
389,'Cocido de res',100.0
2110,'Papas al horno día del padre',100.0
2132,'Bolillo día del padre',100.0
392,'Rollitos campestres',100.0
2143,'Watusi carne seca natural',100.0
2148,'Lomo mechado almendrado',100.0
395,'Bisteces silvestres',100.0
2162,'Ensalada de nopales 15 de sep',100.0
2170,'Mixiotes de pollo con setas y nopales muslo',100.0
2180,null,100.0
399,'Brocheta cielo mar y tierra 10 de mayo',100.0
400,'Lengua de res a la Vizcaína',100.0
401,'Pancita de res en hongo',100.0
2208,'null',100.0
2213,'Falda de cerdo enchilada navidad',100.0
404,'Crema de calabaza',100.0
405,'Carne de puerco en salsa verde con nopales',100.0
406,'Cubitos estilo vienés',100.0
2220,'Melanzana crema de almendras con café ',100.0
408,'Pollo en hongo',100.0
409,'Aderezo de mostaza',100.0
2223,'Melanzana crema de avellanas con cacao',100.0
411,'Ensalada africana',100.0
412,'Bisteces estilo Aguascalientes',100.0
413,'Panqué de mora azul',100.0
414,'Tinga de pollo',100.0
2270,'Mole Poblano ',100.0
416,'Natilla de canela',100.0
417,'Pollo en salsa china',100.0
418,'Croquetas de papa con pollo',100.0
2272,'Crema de cacahuate Crunch Rancho San Rafael',100.0
420,'Pollo en salsa verde con verdolagas',100.0
421,'Pollo a la Marsala',100.0
2275,'Arroz blanco con morrón día del padre',100.0
2286,'Champiñones con chile de árbol día del padre',100.0
422,'Arroz blanco con rajas de poblano y elote',100.0
2291,null,100.0
424,'Pollo en salsa poblana',100.0
2292,'Crema de cacahuate Natural Rancho San Rafael',100.0
426,'Volteado de canela con nuez',100.0
2296,'Gelatina de fresas con crema día del padre',100.0
2313,'Pechuga deshebrada en mole ',100.0
429,'Empanadas de pollo con rajas y crema',100.0
2314,'Palitos de pan arabe',100.0
433,'Pastel especial de zanahoria',100.0
434,'Lasaña de mariscos',100.0
437,'Pancita de res con nopales al piquín',100.0
438,'Brócoli salteado con tocino y nuez',100.0
440,'Ensalada hawaiana',100.0
441,'Ensalada irlandesa',100.0
442,'Ensalada tropical',100.0
443,'Ensalada del cheff',100.0
444,'Ensalada frutal',100.0
445,'Ensalada de manzana 15 de sep',100.0
446,'Ensalada de nopales',100.0
450,'Chiles en nogada',100.0
454,'Macarrón al chipotle',100.0
455,'Codo al queso',100.0
456,'Arroz blanco con habas verdes',100.0
458,'Filete de res huasteco',100.0
459,'Codo con crema y jitomate',100.0
460,'Pollo en encacahuatado',100.0
463,'Arroz verde poblano',100.0
464,'Chilorio',100.0
466,'Pechugas rellenas de huitlacoche en salsa de flor de calabaza',100.0
467,'Pollo Aky',100.0
468,'Arroz árabe',100.0
469,'Lomo a la jamaica',100.0
470,'Crepas de huitlacoche',100.0
473,'Nopales navegantes',100.0
474,'Gelatina light',100.0
475,'Sopa de nopales con champiñones ',100.0
476,'Sopa campestre',100.0
477,'Codo con brócoli',100.0
481,'Chambarete en entomatado',100.0
482,'Calabacitas libanesas',100.0
483,'Charales en salsa verde con nopales y papas',100.0
486,'Carne de puerco mixteca',100.0
487,'Lengua de res en salsa poblana',100.0
488,'Cubitos arrieros al chipotle',100.0
489,'Papas al ajillo',100.0
490,'Bisteces de res estilo Zacatlán',100.0
1151,'Plumita con jitomate y especies',100.0
1153,'Nopales con setas',100.0
1155,'Rollo sorpresa',100.0
1156,'Tinga de res Esmeralda',100.0
1158,'Papas a la romana',100.0
1162,null,100.0
1163,'Manitas de puerco en guajillo',100.0
1169,'Ensalada de papa Florencia',100.0
1172,'Tortitas de chicharrón con nopales en salsa mora',100.0
1175,'Quesadillas de choriqueso',100.0
1176,'Tortitas de espinaca con queso panela',100.0
1177,'Carne de puerco en coloradito',100.0
1178,'Suflé de ejotes',100.0
1179,'Chayotes con crema y jamón',100.0
1180,'Lengua de res en pascal',100.0
1184,'Arroz rojo con rajas de poblano y elote',100.0
1185,'Arroz rojo con papa y zanahoria',100.0
1187,'Papas arabes',100.0
1188,'Chayotes rellenos de jamón y queso empanizados',100.0
1190,'Arroz rojo con ejote y papa',100.0
1195,'Cubitos estilo maltés',100.0
1196,'Arroz blanco con chayote ,100.0
1197,'Bisteces de puerco en salsa mora con nopales',100.0
1202,'Chuletas en salsa verde con nopales',100.0
1203,'Tortitas de brócoli',100.0
1209,'Lengua de res en entomatado',100.0
1217,'Fusilli en salsa roja navidad',100.0
1222,'Costillas de res en salsa mora con nopales',100.0
1223,'Pollo en salsa de habas',100.0
1226,'Chayotes al perejil 15 de sep',100.0
1227,'Ensalada del huerto 10 de mayo',100.0
1228,'Ensalada mediterranea navidad',100.0
1229,'Rollo de pescado navidad',100.0
1230,'Tortitas de camaron navidad',100.0
1231,'Papas bravas navidad',100.0
1232,'Pechugas cordon blue navidad',100.0
1233,'Verduras a la mantequilla navidad',100.0
1234,'Pechugas al ajonjoli navidad',100.0
1235,'Pechugas a la mostaza navidad',100.0
1236,'Costillas de cerdo bbq navidad',100.0
1237,'Lomo de cerdo enchilado navidad',100.0
1238,'Lomo de cerdo a la naranja navidad',100.0
1239,'Pierna adobada navidad',100.0
1241,'Camarones a la brava 10 de mayo',100.0
491,'Tortitas de avena',100.0
493,'Flor de calabaza rellena de queso',100.0
494,'Pollo al queso',100.0
496,'Champiñones a las finas hierbas',100.0
497,'Niño envuelto de vainilla',100.0
498,'Pollo Adela ',100.0
499,'Chileancho relleno de atún',100.0
501,'Moronga en salsa verde',100.0
502,'Macarrón a la toscana',100.0
503,'Calabacitas rellenas de verduras',100.0
504,'Espinosos rellenos de jamón y queso',100.0
505,'Gelatina de mosaico imperial',100.0
507,'Huevos Florentinos',100.0
508,'Ensalada Rocío',100.0
509,'Callos a la española',100.0
510,'Pechuga mixteca',100.0
511,'Costillas al pimentón ',100.0
512,'Crema de brócoli',100.0
513,'Fusilli al queso ',100.0
514,'Ensalada Florencia ',100.0
515,'Pechugas Philaldelphia',100.0
518,'Pechugas reales',100.0
521,'Pechugas Reyna',100.0
524,'Costillas de roast beef supremas',100.0
527,'Quesadillas de huitlacoche',100.0
531,'Quesadillas de champiñones con queso',100.0
532,'Pastel de carne oriental',100.0
533,'Ensalada China',100.0
534,'Chícharos con huevo',100.0
536,'Chambarete en amarillito',100.0
537,'Alitas a la bbq',100.0
539,'Chambarete en caldo gallego',100.0
540,'Manitas de puerco a la vinagreta ',100.0
542,'Arroz amarillo con ejote y morrón',100.0
544,null,100.0
545,'Calabacitas rellenas de queso manchego',100.0
546,'Pozole rojo',100.0
548,'Pambazos de papa con chorizo',100.0
549,'Mixiotes de carnero con puerco',100.0
550,'Empanadas de bacalao',100.0
553,'Verduras mediterráneas',100.0
554,'Pollo en salsa de champiñones',100.0
555,'Quintoniles en su jugo',100.0
557,'Pollo tapado',100.0
559,'Carne Borgoña',100.0
560,'Codo valenciano',100.0
562,'Tortitas de coliflor',100.0
563,'Nopales gratinados al horno',100.0
567,'Fajitas serranas',100.0
568,'Lomo estilo Canarias',100.0
569,'Empanadas de carne con papas',100.0
571,'Lengua de res a la alcaparra',100.0
573,'Pechugas Virginia',100.0
574,'Pollo caribeño',100.0
576,'Cuete almendrado',100.0
577,'Chuletas Potosinas',100.0
579,'Chayotextle relleno de queso con chiles cuaresmeños',100.0
580,'Cuaresmeños rellenos de queso manchego',100.0
581,'Bisteces a la italiana',100.0
582,'Ejotes a la mexicana',100.0
583,'Sopa de lima',100.0
2079,'Carne de puerco en salsa mora con habas enzapatadas',100.0
585,'Fusilli a la poblana',100.0
586,'Champiñones a la italiana',100.0
2081,'null',100.0
2136,'Huevitos de chocolate',100.0
589,'Ensalada de citricos',100.0
590,'Pollo tlalpeño',100.0
591,'Dulce de calabaza con piña',100.0
592,'Dulce de camote morado',100.0
2137,'Granola fina Mirkam 500 gmos. ',100.0
2138,'Gomitas Propitóse 50 gmos. ',100.0
595,'Brócoli en salsa de nuez',100.0
2139,'Caramelo Propitosé 50 gmos. ',100.0
597,'Lomo Villarreal',100.0
599,'Mixiotes de pollo con setas y nopales pierna',100.0
600,'Arroz blanco con cuaresmeños rellenos de queso',100.0
601,'Lengua de res en salsa verde con verdolagas',100.0
602,'Fettuccine con camarones',100.0
603,'Calabacitas serranas',100.0
604,'Carne de puerco en salsa mora con papas',100.0
605,'Pollo en pascal pierna',100.0
2150,'null',100.0
607,'Fajitas a la gringa',100.0
608,'Col rellena de verduras',100.0
609,'Spaghetti a la toscana ',100.0
610,'Cubitos a la inglesa',100.0
611,'Fusilli al chipotle',100.0
612,'Tortitas de flor de calabaza',100.0
2151,null,100.0
2156,'Arroz blanco con rajas de poblano y elote 15 de sep',100.0
2157,'Sopa de milpa 15 de sep ',100.0
616,'Verduras gratinadas a los cuatro quesos',100.0
617,'Pierna asturiana',100.0
2158,'Spaghetti verde 15 de sep',100.0
619,'Macarrón con brócoli',100.0
621,'Pechugas poblanas',100.0
622,'Fusilli César',100.0
623,'Chayotextle con huevo',100.0
624,'Arroz rojo con chayote,100.0
626,'Ensalada griega',100.0
628,'Calabaza en tacha',100.0
629,'Pico de gallo',100.0
630,'Nopales con atún',100.0
2159,'Camarones a la brava 15 de s',100.0
632,'Nopales con tocino',100.0
2160,'Pastel azteca 15 de sep',100.0
634,'Pollo en salsa mora con papas',100.0
635,'Agua Bonafont natural 600 ml',100.0
636,null,100.0
637,'Agua Bonafont Levite de jamaica',100.0
638,null,100.0
639,null,100.0
640,'Plum cake de berenjena',100.0
641,'Poblanos rellenos de puré de papa y queso',100.0
2161,'Papas bravas 15 de sep',100.0
643,'Gelatina de agua 15 de sep',100.0
2163,'Verduras a la mantequilla 15 de sep',100.0
2164,'Verduras al vapor 15 de sep ',100.0
2165,'Ceviche de soya 15 de sep',100.0
2166,'Buñuelos 15 de sep',100.0
648,'Panqué de naranja',100.0
649,'Ensalada de pollo y naranja',100.0
650,'Mixiotes de pollo con nopales ',100.0
651,'Chicharrón esponjado',100.0
2167,'Milanesa de res 15 de sep',100.0
2168,'Pechuga rellena de jamon y queso amarillo 15 de sep',100.0
654,'Poblanos rellenos de queso manchego',100.0
2169,'Ensalada del huerto 15 de sep',100.0
656,'Pierna a la alemana',100.0
2183,'Pollo en mole poblano pechuga',100.0
2184,'Pollo en mole poblano pierna',100.0
2238,'Galletas de nuez con chocolate',100.0
2239,'Chees cake de frutas rojas',100.0
2244,'Panqué marmoleado',100.0
662,'Tortitas de camarón en mole Poblano',100.0
663,'Macarrón con crema y jitomate',100.0
2285,'Nopales a la mexicana día del padre',100.0
2287,'Ensalada del huerto día del padre',100.0
2288,'Quesadillas de sesos día del padre',100.0
2289,'Quesadillas de flor de calabaza día del padre',100.0
668,'Berenjena rellena de arroz integral',100.0
2290,'Crema de cacahuate Dulce Rancho San Rafael',100.0
670,'Ensalada cubana',100.0
2293,null,100.0
672,'Brocheta hawaiana',100.0
673,'Spaghetti salsa blanca navidad',100.0
674,'Spaghetti en salsa roja navidad',100.0
675,'Fusilli al chipotle navidad',100.0
676,'Codo con espinaca,100.0
2307,'Pollo enchilado muslo',100.0
2308,'Pollo enchilado pechuga',100.0
678,'Ensalada navideña',100.0
679,'Ensalada Noel navidad',100.0
680,'null',100.0
681,'Arroz rojo con papa,100.0
682,'Bacalao a la Vizcaína',100.0
685,'Arroz verde con papa y elote',100.0
688,'Panqué de naranja con arandano',100.0
690,'Empanadas de arroz con leche',100.0
694,'Alcachofas rellenas de queso',100.0
695,'Vaso de jícama rabanada',100.0
696,'Vaso de pepino',100.0
701,'Bisteces rellenos de papa con chorizo en salsa mora',100.0
704,'Salsa de chipotle con nuez',100.0
705,'Salsa de mora con almendra',100.0
706,'Salsa de chiltipin con ajonjolí',100.0
707,'Salsa de chile de árbol con cacahuate',100.0
708,'Tortitas de jamaica',100.0
709,'Bollos rellenos de queso con chipotle navidad',100.0
716,'Lomo Esmeralda',100.0
723,'Pastel azteca 10 de mayo',100.0
724,'Arroz rojo con morrón,100.0
2060,'Pierna enchilada',100.0
2067,'Soya en pascal',100.0
2144,'Watusi carne seca limon chile',100.0
732,'Pollo en estofado',100.0
2145,'Watusi carne seca americana ',100.0
2152,'pata',100.0
2153,'Pata de res en salsa verde con habas enzapatadas',100.0
2178,'Mantequilla fundida 500 gr',100.0
2179,'Tortitas de jamón de pavo y queso manchego',100.0
738,'Espinaca con tocino y crema',100.0
2181,'Spaghetti con brócoli',100.0
2269,null,100.0
2271,'Macarrón con espinaca al gratin',100.0
2302,'Agua Ciel 1L',100.0
1333,'Bisteces de res al orégano',100.0
1334,'Cuaresmeños rellenos de queso cotija y epazote',100.0
1335,'Fusilli con jamón y perejil',100.0
1336,'Chuletas en salsa verde con espinacas',100.0
1337,'Arroz rojo con morrón,100.0
2303,'Agua Ciel 1 lt',100.0
1339,'Carne de puerco en salsa de habas',100.0
2310,'Bisteces de res en salsa mora con setas',100.0
1341,'Arroz blanco con ejote y zanahoria',100.0
1342,'Arroz rojo con chícharo y zahanoria ',100.0
1343,'Spaghetti con crema,100.0
1344,'Costillas salteadas',100.0
1345,'Pata de res en salsa verde con nopales',100.0
1346,'Flan light',100.0
1347,'Requeson 1/2 kg',100.0
1349,'Carne de puerco en salsa verde con setas',100.0
1352,'Albondigón',100.0
1353,'Tortitas de haba en salsa verde con nopales',100.0
1354,'Pollo delicioso',100.0
1356,'Papas con champiñones',100.0
1357,'Coliflor canadiense',100.0
1358,'Papas con queso amarillo',100.0
1361,'Chuletas caribeñas',100.0
1363,'Crema de espinaca',100.0
1368,'Brócoli salteado con morrón',100.0
1372,'Tortitas de soya',100.0
1373,'Albondigón riojano',100.0
1376,'Pechugas enchiladas',100.0
1377,'Rajas con crema y elote',100.0
1379,'Cubitos a la portuguesa',100.0
1387,'Arroz blanco con papas y zanahoria',100.0
1388,'Crema de poblano',100.0
1391,'Pechuga asada',100.0
1393,'Macarrón con jamón y perejil',100.0
1399,'Caldo de Setas',100.0
1409,'Refresco manzanita Delíson 325ml',100.0
1410,'Arroz rojo con papas y chiles serranos',100.0
1412,'Carne de puerco en salsa mora con setas',100.0
1413,'Sopa hidalguense',100.0
1416,'Crema de verdura',100.0
1417,'Ensalada de papa',100.0
1420,'Bisteces de puerco en salsa de habanero',100.0
1421,'Manzanas al horno',100.0
1424,'Plumita con crema y jitomate',100.0
1426,'Puré de manzana',100.0
1431,'Calabacitas con chorizo',100.0
1432,'Pollo estilo Filipinas',100.0
1433,'Albóndigas en salsa pasilla macha',100.0
1434,'Papas empapeladas con chorizo',100.0
1435,'Pastel de elote',100.0
1436,'Arroz blanco con chícharo y elote',100.0
1438,'Papas con acelgas',100.0
1439,'Arroz amarillo con champiñones y ejote',100.0
1441,'Papas empapeladas con crema tocino y cebollín',100.0
1443,'Caldo de pollo',100.0
1446,'Pechugas en salsa de nuez al chipotle',100.0
1447,'Espinaca salteada con almendra',100.0
1448,'Setas al ajillo',100.0
1449,'Arroz blanco con morrón y zanahoria',100.0
1450,'Arroz rojo con papa,100.0
1451,'Cocido de la olla',100.0
1452,'Lengua de res en pipían con chilacayotes',100.0
1453,'Arroz amarillo con ejotes',100.0
1454,'Brócoli con morrón y almendra',100.0
1457,'Carne de puerco en salsa de xoconostle',100.0
1460,'Jocoque natural 500 gr ',100.0
1462,'Coliflor con queso al chipotle',100.0
1464,'Lomo a la naranja',100.0
1471,'Pay de limón',100.0
1472,'Cebollitas mediana 150 gr',100.0
1473,'Lomo en salsa de arándano',100.0
2057,'chuletas en salsa mora con verdolagas',100.0
1475,'Mole en pasta 1 kg',100.0
1476,'Pavo relleno navidad',100.0
2058,'Ejotes al gratín',100.0
1478,'Chambarete en encacahuatado blanco',100.0
2076,'ajo kg',100.0
1481,'Carne de puerco a la veracruzana',100.0
2186,'Miel Santos 500 ml',100.0
2214,'Pollo en pascal muslo',100.0
2140,'null',100.0
1485,'Arroz rojo con morrón y papa ',100.0
2141,'brocheta cielo mar y tierra ',100.0
1487,'Carne de puerco en salsa de chile manzano',100.0
2155,'Chiles en nogada rellenos de lentejas sin capear',100.0
1489,'Brocheta de pollo poblana',100.0
2215,'Pastel imposible de cajeta',100.0
2217,'Melanzana Compota de mango ',100.0
1492,'Tortitas de cilantro',100.0
1493,'Pollo Anita',100.0
2219,'Melanzana frutos rojos',100.0
1495,'Brocheta de mariscos',100.0
2221,'Mela',100.0
2222,'null',100.0
1498,'Arroz rojo con champiñones,100.0
2224,'null',100.0
1500,'Panqué de naranja completo',100.0
1501,'Pollo Florentino',100.0
2225,'null',100.0
1503,'Arroz rojo con ejote,100.0
2226,null,100.0
2227,'Melanzana crema de cacahuate',100.0
2228,'Melanzana salsa Lena',100.0
1507,'Arroz rojo con calabacitas,100.0
2229,'Melanzana salsa Tinita',100.0
2230,'Melanzana salsa Tata',100.0
2231,'null',100.0
1511,'Filete de res al albañil',100.0
2232,'Consumo comida ',100.0
2236,'Gomitas la Jiralda',100.0
1514,'Carne de puerco en salsa mora con espinacas',100.0
1515,'Pierna Virginia',100.0
1517,'Natilla de fresa',100.0
2237,'Pan multigrano panzomalli',100.0
2247,'Pastel de frutos secos',100.0
1520,'Quesadillas de tripa',100.0
2248,'Frasco de ancho San Rafael',100.0
1522,'Carne de puerco en salsa borracha',100.0
1523,'Salmón con almendras y alcaparras',100.0
2249,'Bisteces Huastecos',100.0
2250,'Pretzel',100.0
2253,'Huevos revueltos/ estrellados',100.0
2256,'Pastel de zanahoria completa',100.0
2257,'Arroz blanco con elote y champiñones',100.0
2268,'Arroz blanco con morrón',100.0
2306,'Brocheta norteña',100.0
1524,'Niño envuelto de chocolate',100.0
1525,'Bisteces de res a la mexicana',100.0
1526,'Carne de puerco en salsa de cacahuate y chile de árbol',100.0
2316,'Plumita con espinaca al gratin',100.0
1528,'Pollo en entomatado',100.0
1529,'Costillas de res en salsa ranchera',100.0
1530,'Brócoli en salsa de almendra',100.0
1531,'Brocheta de pollo a la mexicana',100.0
1532,'Crema de chayote 15 sep',100.0
1533,'Pastel especial de chocolate',100.0
1534,'Codo verde',100.0
1535,'Gelatina de mosaico imperial navidad',100.0
1539,'Verduras al vapor navidad',100.0
1541,'Huevo de rancho pza',100.0
1546,'Arroz blanco con jamón y verduras',100.0
1572,'Filete de res enchipotlado',100.0
1550,'Sopa de pasta 15 de sep',100.0
1563,'Estofado de res',100.0
1578,'Tinga de res',100.0
1250,'Macarrón al chipotle navidad',100.0
1558,'Pechuga asada rellena',100.0
1568,'Arroz blanco con elote,100.0
1569,'Fajitas Esperanza',100.0
1573,'Arroz rojo con salchicha,100.0
2267,'Quesadillas de chicharrón 10 de mayo',100.0
2273,null,100.0
1576,'Spaghetti con jitomate y especies',100.0
2274,'Crema de cacahuate Canela Rancho San Rafael',100.0
2294,'Flan con fresas ',100.0
2295,'Gelatina de mosaico imperial día del padre',100.0
219,'Arroz rojo con ejote,100.0
220,'Tortitas de carne en salsa verde',100.0
221,'Fajitas a la mexicana',100.0
222,'Pechugas Carmen',100.0
223,'Tortitas de amaranto con atún',100.0
224,'Papas al chipotle',100.0
225,'Poblanos rellenos de frijoles',100.0
226,'Ensalada francesa',100.0
2297,'Niño envuelto de chocolate día del padre',100.0
228,'Arroz verde con zanahoria y papa',100.0
229,'Arroz rojo con huevo hervido',100.0
230,'Crema de flor de calabaza',100.0
231,'Plumita con espinaca jamón y verdura',100.0
232,'Chuletas en manchamantel',100.0
233,'Lengua de res almendrada',100.0
234,'Salpicón de res',100.0
2298,'Niño envuelto de vainilla día del padre',100.0
236,'Cubitos aztecas',100.0
2300,'Mazapan dulce artesanal "La canasta"',100.0
238,'Pollo Josefina',100.0
239,'Albóndigas de soya',100.0
240,'Verdolagas a la mexicana',100.0
241,'Rajas con huevo',100.0
242,'Arroz blanco con verduras mixtas',100.0
243,'Plumita al chipotle',100.0
244,'Fajitas a la cubana',100.0
2301,'Mueganos de Huamantla "La canasta"',100.0
246,'Pollo al piquín',100.0
247,'Chileancho relleno de queso manchego',100.0
2304,'Doraditas Chia ',100.0
249,'Nopales con chorizo',100.0
250,'Brócoli Reyna',100.0
251,'Papas salteadas',100.0
252,'Ensalada alemana',100.0
2305,'Doraditas Linaza ',100.0
254,'Quesadillas de setas',100.0
2309,'Costillas de puerco en salsa verde con quintoniles',100.0
256,'Lomo al tamarindo',100.0
257,'Tinga de res estilo Toluca',100.0
258,'Pechugas al ajonjolí',100.0
259,'Pollo al horno con tocino',100.0
260,'Tortitas de camarón en salsa verde',100.0
261,'Nopales a la gringa',100.0
262,'Ejotes con huevo',100.0
2315,'Miel Gourmet Mirikam 700 gmos.',100.0
263,'Rajas con requesón',100.0
264,'Pastel imposible',100.0
266,'Crema francesa',100.0
267,'Codo al chipotle',100.0
272,'Pollo a la mexicana',100.0
273,'Lasaña de espinaca con champiñones',100.0
274,'Tamal de cazuela',100.0
275,'Verduras orientales',100.0
276,'Rancho ',100.0
278,'Carne de puerco en salsa verde con verdolagas',100.0
279,'Cocido estilo Coahuila',100.0
280,'Pechugas primavera',100.0
283,'Pay de piña',100.0
284,'Cubitos a las finas hierbas',100.0
285,'Chuletas a la diabla',100.0
288,'Pollo a la crema',100.0
289,'Nopales rellenos de queso en salsa verde.',100.0
290,'Brócoli salteado con almendra',100.0
291,'Fajitas norteñas',100.0
292,'Gelatina de café con leche',100.0
293,'Mousse de chabacano',100.0
294,'Ensalada campestre',100.0
295,'Ensalada Isabela',100.0
296,'Aderezo italiano',100.0
1549,'Bisteces de res en pasilla macha con papas',100.0
26,'Pollo a la naranja',100.0
59,null,100.0
95,'Gelatina de zanahoria',100.0
1423,'Setas a la mexicana',100.0
1516,null,100.0
1320,'Arroz blanco con ejote,100.0
1570,'Coliflor napolitana',100.0
1243,'Papas al tocino 15 de se',100.0
1244,'Papas al horno navidad',100.0
1245,'Ensalada Lucia navidad',100.0
1247,'Ensalada noche buena navidad',100.0
1248,'Paella navidad',100.0
1249,'Bocadillos finos de navidad charola pequeña',100.0
2074,'Tortillas de harina peques',100.0
2277,'Ceviche de pescado día del padre',100.0
1256,'Bisteces en su jugo',100.0
1257,'Pollo Monterrey',100.0
1258,'Chayotes con acelgas',100.0
1261,'Papas agridulces',100.0
1263,'Agua Bonafont Levite Piña Coco',100.0
1265,'Lomo con jalea de piña y chile habanero',100.0
1270,'Gelatina de mosaico completa 15 de sep',100.0
1274,'Bisteces de res en encacahuatado blanco',100.0
1275,'Bisteces estilo Tlaxcala',100.0
1277,'Pan arabe ',100.0
1280,'Ensalada de zanahoria 15 sep',100.0
1283,'Bisteces de res en salsa pasilla con quintoniles',100.0
1284,'Spaghetti al chipotle navidad',100.0
1285,'Codo en salsa blanca navidad',100.0
1286,'Macarrón en salsa blanca navidad',100.0
1287,'Caldo de camarón navidad',100.0
1288,'Bollos rellenos de queso Philadelphia ',100.0
1289,'Pastel de chocolate completo',100.0
1291,'Buñuelos navidad',100.0
1292,'Fusilli en salsa blanca navidad',100.0
1293,'Codo en salsa roja navidad',100.0
1297,'null',100.0
1300,'Ejotes salteados con morrón',100.0
1302,'Carne de puerco en salsa mora con calabacitas',100.0
1304,'Picadillo de res',100.0
1306,'Ejotes con nata',100.0
1307,'Arroz rojo con calabacita y zanahoria',100.0
1308,'Arroz rojo con calabacitas y elote',100.0
1309,'Nopales rellenos de bistec en salsa mora',100.0
1310,'Arroz blanco con chícharo,100.0
1311,'Arroz rojo con morrón',100.0
1314,'Arroz rojo con ejote,100.0
1315,'Tortitas de Quemites',100.0
1316,'Arroz blanco con calabacitas ejote y zanahoria',100.0
1317,'Arroz blanco con ejote y papa',100.0
1319,'Codo con apio,100.0
1321,'Papas con espinaca y almendras',100.0
1322,'Arroz a la española',100.0
1323,'Arroz rojo con morrón y elote',100.0
1324,'Albondigón poblano',100.0
1325,'Poblanos aztecas',100.0
1329,'Codo con elote y pimiento morrón',100.0
1330,'Arroz verde con morrón',100.0
1598,'Pierna adobada ',100.0
1590,'Carne de puerco en salsa de cuatomate',100.0
1618,'Arroz rojo con chícharo y zanahoria 15 sep',100.0
1642,'Arroz blanco con morrón,100.0
1643,'Bisteces de res en salsa verde con nopales y papas',100.0
1663,'Ratatouille',100.0
1592,'Arroz rojo con chayote,100.0
1596,'Discada hidalguense',100.0
1601,'Coliflor capeada con cuaresmeño relleno de queso',100.0
1619,'Ensalada mixta 15 sep',100.0
1620,'Ponche',100.0
1621,'Bisteces Maria 10 de mayo',100.0
1622,'Red Velvet',100.0
1623,'Huauzontles rellenos de queso en salsa pasilla macha',100.0
1624,null,100.0
1626,'Ensalada de manazana 10 de mayo ',100.0
1627,'Gelatina de fresas con crema 10 de mayo',100.0
1628,'Arroz rojo con chícharo zanahoria y champiñones ',100.0
1631,'Crema de nuez navidad',100.0
1606,'Arroz con leche 15 sep',100.0
1586,'Codo frío con salchicha,100.0
1595,'Arroz amarillo con chícharo y zanahoria',100.0
1597,'Paella 10 de Mayo',100.0
1605,'Suflé de brócoli',100.0
1648,null,100.0
1649,'Chambarete en salsa arriera',100.0
1659,'Manitas de puerco en salsa verde con habas enzapatadas',100.0
1589,'Arroz blanco con chícharo,100.0
1599,'Tortitas de flor de frijol',100.0
1600,'Caldo de hongos',100.0
1607,'Arroz blanco con calabacitas  y elote',100.0
1609,'Pechugas Jaqueline',100.0
1610,'Salmon con almendras y alcaparras 10 de mayo',100.0
1611,'Camarones a la brava navidad',100.0
1617,'Lomo en salsa de arandano 10 de mayo',100.0
1633,'Pierna adobada 10 de mayo',100.0
1634,'null',100.0
1635,'Lasaña de carne 10 de mayo',100.0
1636,'Niño envuelto de vainilla 10 de mayo',100.0
1637,'Niño envuelto de chocolate 10 de mayo',100.0
1644,'Hojuelas de chocolate',100.0
2066,'Pechuga en pascal',100.0
1650,'Arroz verde con papa,100.0
1651,'Arroz rojo con chícharo zanahoria y elote ',100.0
2080,'Miel Náhuatl 1 lt',100.0
1655,'Arroz blanco con morrón y elote',100.0
1656,'Arroz rojo con champiñones,100.0
1614,'Chambarete con jitomate y papas',100.0
1615,'Pollo en mole poblano pierna 10 de mayo',100.0
1639,'Papas al horno 10 de mayo',100.0
1640,'Tacos dorados de papa',100.0
1641,'Jitomate kg',100.0
1654,'Molde 1/4 plancha',100.0
1706,'Caramelos de miel y propoleo con 50 grs',100.0
1712,'Alitas con jalea de piña y chile habanero',100.0
1732,'Crema de calabacita poblana',100.0
1740,'Ensalada de berros',100.0
1825,'Leche Santa Clara',100.0
1842,'Pierna a la americana',100.0
1860,'Bisteces de res en salsa verde con papas',100.0
1869,'Plumita con espinaca y nuez',100.0
1892,'Codo con espinaca al gratín',100.0
1899,'Arroz blanco con verduras mixtas 10 de mayo',100.0
1901,'Ensalada de huerto 15 de sep',100.0
1909,'Chuletas en salsa verde con verdolagas',100.0
1910,'Bisteces de res en encacahuatado rojo',100.0
1916,'Fettuccine con jamón y perejil',100.0
1698,'Flan napolitano con fresas ',100.0
1699,'Gelatina de fresas con crema navidad',100.0
1700,'Ensalada de betabel 15 de sep',100.0
1735,'Codo frío con atún',100.0
1786,'Tortitas de charales en salsa verde con nopales',100.0
1850,'Cebollitas grande  225 gr',100.0
1851,'Cebollitas familiar 300 gr',100.0
1872,'Fettuccine con crema,100.0
1879,'Vaso de mango',100.0
1905,'Bisteces de res al chipotle',100.0
1913,'Manitas de puerco capeadas con cuaresmeños rellenos de queso',100.0
1688,'Tostadas de ajonjolí Tio Beto',100.0
1689,'Tostadas de linaza Tio Beto',100.0
1709,'Arroz blanco con chayote,100.0
1710,'Crema de queso navidad',100.0
1711,'Pechuga Lucia navidad',100.0
1715,'Arroz verde con elote y zanahoria',100.0
1725,'Papas empapeladas con queso amarillo y tocino',100.0
1741,'Arroz rojo con champiñones,100.0
1750,'Bollos sencillos',100.0
1757,'Bisteces de puerco en salsa verde con verdolagas',100.0
1760,'Engrane frío con salchicha y verdura',100.0
1766,'Chambarete en salsa mora con verdolagas',100.0
1770,'Arroz blanco con chícharo,100.0
1773,'Champiñones con chile de árbol',100.0
1775,'Pata de res en salsa mora con habas enzapatadas',100.0
1777,'Papas empapeladas',100.0
1778,'Papas con tocino al gratín',100.0
1780,'Alitas a la diabla',100.0
1791,'Huevo a la mexicana',100.0
1792,'Chilaquiles',100.0
1800,'Garrafón de agua de jamaica ',100.0
1822,'Sopes',100.0
1837,'Chambarete en mole verde de la olla',100.0
1840,'Fettuccine César',100.0
1868,'Galletas integral panzomalli',100.0
1873,'Cebolla kg',100.0
1883,'Fettuccine con crema y jitomate',100.0
1885,'Pechugas en salsa de queso',100.0
1713,'gelatina de mandarina',100.0
1718,'Dulce de zapote',100.0
1719,'Arroz blanco con ejote y morrón ',100.0
1720,'Rollo de pescado relleno de camarón',100.0
1736,'Arroz rojo con morrón y zanahoria',100.0
1749,'Caja de graibes',100.0
1767,'Arroz blanco con ejote,100.0
1787,'Chorizo en salsa verde con nopales y papas',100.0
1808,'Sopes',100.0
1858,'Azucar Kg',100.0
1887,'jitomate kg',100.0
1907,'Arroz rojo con ejote y morrón',100.0
1908,'Ensalada del huerto navidad',100.0
1691,'Chicharrón en salsa verde 15 de sep ',100.0
1692,'Pozole 15 de sep',100.0
1693,'Cochinita Pibil 15 de sep',100.0
1694,'Tinga de pollo 15 de sep',100.0
1702,'Chambarete en mole verde estilo Michoacán',100.0
1707,'Crema francesa navidad',100.0
1776,'Nopales rellenos de queso y flor de calabaza',100.0
1803,'Chambarete en guajillo oaxaqueño',100.0
1812,'Queso cotija 250 gr',100.0
1814,'Codo con salchicha,100.0
1828,'Arroz blanco con espinaca y nuez',100.0
1686,'Tostadas de amaranto Tio Beto',100.0
1687,'Tostadas natural Tio Beto',100.0
1809,'Crema de vaca 1/2 kg ',100.0
1834,'Brócoli salteado con tocino y almendra',100.0
1849,'Huevo blanco kg',100.0
1861,'Tortitas de huauzontle en mole poblano',100.0
1893,'Pechugas Marcela',100.0
1826,'Leche Deslactosada',100.0
1697,'Huevo en salsa pasilla',100.0
1747,'Brócoli al queso',100.0
1769,'Champiñones en chicloso',100.0
1772,'Puchero de res',100.0
1799,'Arroz blanco con calabacitas,100.0
1810,'Crema de vaca 1/4',100.0
1811,'Queso cotija 125 gr',100.0
1882,'Garrafón de agua de horchata',100.0
1726,'Bisteces de puerco relleno de choriqueso en salsa mora',100.0
1729,'Carne de puerco en pipian rojo con chilacayote',100.0
1730,'Bisteces con verdolagas a la mexicana',100.0
1743,'Chuletas holandesas',100.0
1758,'Pastel fránces',100.0
1784,'Chiles en nogada de soya',100.0
1790,'Pechugas rellenas de nopales en salsa de chile de árbol',100.0
1801,'Molde 1/2 plancha',100.0
1820,'Bolsa de panzomalli',100.0
1838,'Carne de puerco en tatemado',100.0
1844,'Aguacate kg',100.0
1846,'Manzana roja kg',100.0
1847,'Limon kg',100.0
1870,'Chambarete con hongos',100.0
1880,'Chicharrón en salsa roja ',100.0
1881,'Vaso de sandia',100.0
1886,'Crema de elote con rajas y queso panela',100.0
1914,'Macarrón con jitomate y albahaca',100.0
1917,'Arroz verde con papas',100.0
1918,'Tortillas de nopal 1/2',100.0
1919,'Tortillas de nopal 1 kg',100.0
1921,'Chiles en nogada sin capear',100.0
1926,'Albóndigas de res en salsa mora',100.0
1930,'Brócoli salteado con nuez',100.0
1938,'Huevo hervido',100.0
1951,'Fresas con crema navidad',100.0
1952,'Papas al tocino navidad',100.0
1953,'Verduras al vapor 10 de mayo ',100.0
1954,'Crepas de pollo navidad',100.0
1955,'Lasaña Boloñesa navidad',100.0
2002,'Arroz rojo con chícharo y zanahoria 10 de mayo',100.0
2018,'Arroz rojo con elote,100.0
2036,'Hacer el pavo ellos lo traen',100.0
2046,'Costillas de res a la diabla',100.0
2048,'Discada',100.0
2051,'Pollo almendrado con pasas y chiles gueros ',100.0
2188,'null',100.0
2142,null,100.0
1946,'Chayotes al perejil',100.0
2189,'Galletas de ajonjolí',100.0
1956,'Lasaña de mariscos navidad',100.0
1961,'Arroz blanco con papas y elote',100.0
1978,'Crepas de huitlacoche 10 de mayo',100.0
1979,'Spaghetti al chipotle 10 de mayo',100.0
1980,'Mixiotes de carnero con puerco 10 de mayo',100.0
1981,'Ensalada de pollo 15 de sep',100.0
1982,'Sopa de pasta 10 de mayo',100.0
1984,'Ceviche de pescado 10 de mayo ',100.0
1985,'Aguacate relleno de atun 15 de sep',100.0
1986,null,100.0
1987,'ensalada ligera 10 de mayo ',100.0
1988,'ensalada de zanahoria 10 de mayo',100.0
1989,'Fresas con crema 10 de mayo',100.0
1990,'Flan con fresas 10 de mayo ',100.0
1991,'Bollos sencillos 10 de mayo',100.0
1992,'Bollos rellenos de queso philadelphia 10 de mayo',100.0
1993,'Quesadillas de queso Oaxaca 10 de mayo',100.0
1994,'Quesadillas de flor de calabaza  15 de sep',100.0
1995,'Quesadillas de tinga 15 de sep',100.0
1996,'Quesadillas de requesón 15 de septiembre',100.0
2005,'Totopos Tio Beto',100.0
2013,'Natilla de café',100.0
2027,'Chiles en nogada sin capear 15 de sep',100.0
2030,'Pancita de res en salsa verde 15 sep',100.0
2047,'Carne de puerco en salsa verde con calabazas',100.0
2053,'Chiles en nogada rellenos de lenteja',100.0
1964,'Bisteces con jitomate y papas',100.0
1969,'Crema de nuez',100.0
1972,'Arroz rojo con papa,100.0
2006,'Arroz verde con morrón y papa',100.0
2007,'Arroz rojo de la milpa',100.0
2008,'Chayotes con rajas y elote ',100.0
2020,'Café Brahms intenso',100.0
2035,'Tostadas de nopal',100.0
1967,'Arroz rojo con chícharo y champiñones',100.0
2010,'Tortitas de pollo con vegetales',100.0
2026,'Chiles en nogada 15 de sep',100.0
2034,'Café Brahms medio',100.0
2037,'Arroz blanco con morrón y papa',100.0
2041,'Mermelada de agave 280 g',100.0
2043,'Jarabe de agave ámbar 270 g',100.0
2044,'Aderezo de agave 480 g',100.0
2049,'Carne de res en guajillo ',100.0
2050,'Pollo a la alemana',100.0
2056,'Costillas de puerco en salsa mora con habas enzapatadas',100.0
2172,'Miel Victoria 500 ml tarro de vidrio',100.0
1957,'F',100.0
2061,'Chambarete en salsa mora con nopales',100.0
1960,'Filete de res en salsa de champiñones ',100.0
1970,'Tinga de pollo campesina',100.0
1974,'Plátanos con crema',100.0
2068,'Carne de puerco en salsa mexicana',100.0
2070,null,100.0
2071,'Salsa mora con cacahuate y ajonjoli',100.0
2011,'null',100.0
2082,'Crema de nuez 10 de mayo ',100.0
2083,'Pancita de res con nopales al piquín 10 de mayo',100.0
2023,'Arroz rojo con morrón,100.0
2084,'Papas bravas 10 de mayo ',100.0
2085,'Ejotes salteados con almendras 10 de mayo',100.0
2089,'Pollo en mole poblano muslo 10 de mayo',100.0
2090,'Pollo en mole poblano pechuga 10 de mayo ',100.0
2173,'Miel Victoria 1 lt',100.0
2093,'Red Velvet Completo',100.0
2129,'Mixiotes de pollo con nopales pierna ',100.0
2130,'Mixiotes de pollo con nopales pechuga ',100.0
2135,'tortillas de harina sabor nopal',100.0
2039,null,100.0
2177,'Camote con piloncillo y lechera',100.0
2052,'Papas al tocino',100.0
2054,'Tortitas de cebollín en salsa mexicana',100.0
2187,'Tronco navideño chico',100.0
2171,'Mixiotes de pollo con setas y nopales pechuga',100.0
2216,'Agua Bonafont Levite de Sabores 1L',100.0
2233,'null',100.0
2243,'Galletas de avena',100.0
2245,'Panqué de platano',100.0
2254,'Pastel de almendra',100.0
2255,'Mousse de fresa',100.0
2258,'Costillas de roast beef supremas 10 de mayo',100.0
2259,'Ceviche de soya 10 de mayo ',100.0
2260,'Aguacate relleno de atún 10 de mayo',100.0
2261,'Ensalada mixta 10 de mayo',100.0
2262,'Ensalada africana 10 de mayo',100.0
2263,'Ensalada de manzana 10 de mayo',100.0
2264,'Gelatina de mosaico imperial 10 de mayo',100.0
2265,'Spaghetti con jamón y perejil 10 de mayo',100.0
2266,'Ensalada de pollo 10 de mayo',100.0
2322,null,100.0
2317,'Doraditas de chocolate',100.0
2318,null,100.0
2323,'Vaso de Granada ',100.0
2319,null,100.0
2320,null,100.0
2321,'Chiles verdes',100.0
2325,'Crema de Almendra Rancho San Rafael ',100.0
2346,'Ensalada de betabel.',100.0
2353,'Salsa mora hervida.',100.0
2354,'Salsa verde cruda.',100.0
2355,'Guacamole.',100.0
2326,null,100.0
2344,'Ensalada de zanahoria.',100.0
2345,'Ensalada de manzana.',100.0
2347,'Ensalada de pollo.',100.0
2348,'Fresas con crema.',100.0
2349,'Spaghetti con brócoli y morrón ',100.0
2350,'Ensalada del huerto.',100.0
2351,'Ensalada mixta.',100.0
2356,'Natilla de cajeta.',100.0
2357,'Capirotada.',100.0
2343,'Miel Victoria 500 Ml. ',100.0
2352,'Salsa verde hervida.',100.0
2324,null,100.0
2332,'Ensalada Galía Navidad',100.0
2333,'Arroz rojo con papa y elote ',100.0
2334,'Bombas de chocolate ',100.0
2327,null,100.0
2328,null,100.0
2329,'Consumo',100.0
2330,'Arroz blanco con chícharo y champiñones ',100.0
2331,'Arroz con lentejas',100.0
2335,'Gomitas enchiladas ',100.0
2336,'Pierna Enchilada navidad',100.0
2337,'Pastel de chocolate completo m',100.0
2338,'Ensalada de pollo',100.0
2339,' ',100.0
2340,null,100.0
2341,null,100.0
2342,null,100.0
2358,'Natilla de nutella.',100.0
